x-axis (g),y-axis (g),z-axis (g),x-axis (deg/s),y-axis (deg/s),z-axis (deg/s),energy,movement
0.608426921,0.314220144,0.439745768,0.382273213,0.584102929,0.463416844,0.248820757,1
0.605472763,0.314066236,0.432833799,0.373678475,0.588705511,0.453356424,0.244980215,1
0.602238128,0.318027804,0.427632364,0.365002679,0.594739595,0.444699571,0.244661837,1
0.599057402,0.326894575,0.424788877,0.356598857,0.602256088,0.438116667,0.248619697,1
