x-axis (g),y-axis (g),z-axis (g),x-axis (deg/s),y-axis (deg/s),z-axis (deg/s),energy,movement
0.768990879,0.425087048,0.700908089,0.736713135,0.443146858,0.266180875,0.502261094,1
0.765145599,0.42302994,0.702968438,0.741908031,0.446147371,0.259568565,0.503848536,1
0.758862161,0.42077135,0.70456798,0.747180537,0.452765886,0.253752841,0.504228964,1
0.750202348,0.418369598,0.70583007,0.752481413,0.462558243,0.248759621,0.503517668,1
0.739298292,0.415875244,0.706850844,0.757739187,0.474851788,0.244591223,0.501819047,1
