x-axis (g),y-axis (g),z-axis (g),x-axis (deg/s),y-axis (deg/s),z-axis (deg/s),energy,movement
0.869165173,0.411051523,0.7145882,0.651080792,0.465149912,0.253135782,0.503568634,1
0.861887823,0.409695975,0.72863301,0.653003402,0.477859349,0.247746683,0.509722584,1
0.849304723,0.407322914,0.741314881,0.655936129,0.491563824,0.242012912,0.513498416,1
0.831337925,0.403969329,0.752300815,0.659742344,0.50600647,0.236365558,0.51462609,1
0.808141211,0.399726893,0.761315746,0.664240568,0.520894376,0.231246666,0.512930075,1
0.780096878,0.394736707,0.768153746,0.669210857,0.535899117,0.227084861,0.508338369,1
0.74780113,0.389181286,0.772686366,0.674403367,0.550660041,0.224271948,0.500886034,1
