x-axis (g),y-axis (g),z-axis (g),x-axis (deg/s),y-axis (deg/s),z-axis (deg/s),energy,movement
0.49349172,0.391910587,0.563263366,0.583660781,0.504152631,0.458227659,0.22858371,1
0.48796641,0.392985123,0.565570546,0.583924103,0.502763204,0.458996145,0.227464695,1
0.483193578,0.394034555,0.567404098,0.584471023,0.501690678,0.459774876,0.226795994,1
0.479265953,0.395033676,0.568743984,0.585306893,0.500970817,0.460520992,0.226577064,1
0.476244215,0.395959933,0.569575591,0.586440644,0.500640534,0.461187946,0.226787059,1
0.474153454,0.396794672,0.569889374,0.587881642,0.500733196,0.461727612,0.227385392,1
0.472980201,0.397524173,0.569680775,0.589636032,0.501273345,0.462092787,0.228313253,1
0.472670675,0.398140367,0.568950494,0.591702883,0.502271327,0.462240023,0.229495981,1
