x-axis (g),y-axis (g),z-axis (g),x-axis (deg/s),y-axis (deg/s),z-axis (deg/s),energy,movement
0.58054965,0.349798815,0.734309953,0.594399488,0.513118669,0.468319717,0.376661014,1
0.580685888,0.349613141,0.734782024,0.595145989,0.513783499,0.468924443,0.378590131,1
0.58136922,0.349472851,0.734945377,0.595879536,0.514345389,0.46946961,0.380562402,1
0.582605219,0.349397521,0.734836856,0.596596378,0.514806388,0.469936156,0.382557025,1
0.584378088,0.34940466,0.734498536,0.597295394,0.515172775,0.470305255,0.384550332,1
0.586650056,0.34950853,0.733975136,0.597977366,0.515452487,0.470558574,0.386515082,1
0.589361813,0.349719132,0.733311492,0.598644202,0.515652678,0.470678569,0.388419976,1
